{"tissue_hires_scalef": 0.114272654, "tissue_lowres_scalef": 0.034281798, "fiducial_diameter_fullres": 237.6912, "spot_diameter_fullres": 147.14217000000002}